{
  "u1": {
    "created_at": 1768214643.2886174,
    "cookie_count": 8
  },
  "test_freebitcoin": {
    "created_at": 1768208903.9607852,
    "cookie_count": 17
  },
  "test_health": {
    "created_at": 1767455102.800554,
    "cookie_count": 17
  }
}