{
  "version": 1,
  "timestamp": 1769062426.8399756,
  "proxy_latency": {
    "u:p@1.1.1.1:80": [
      100.0,
      100.0,
      100.0,
      100.0,
      0.11348724365234375
    ]
  },
  "proxy_failures": {
    "test:1234": 15,
    "u:p@1.1.1.1:80": 7,
    "u:p@1.1.1.1:8080": 5,
    "u:p@1.2.3.4:9090": 3,
    "user:pass@1.2.3.4:8080": 4
  },
  "dead_proxies": [
    "test:1234",
    "u:p@1.1.1.1:8080",
    "u:p@1.1.1.1:80",
    "user:pass@1.2.3.4:8080"
  ],
  "proxy_cooldowns": {
    "test:1234": 1769062570.3248322,
    "u:p@1.1.1.1:8080": 1769062723.9774003,
    "u:p@1.2.3.4:9090": 1769066023.9786568,
    "u:p@1.1.1.1:80": 1769062726.8399181
  }
}