{
  "version": 1,
  "timestamp": 1769029536.9126227,
  "proxy_latency": {
    "u:p@1.1.1.1:80": [
      100.0,
      100.0,
      100.0,
      100.0,
      0.1304149627685547
    ]
  },
  "proxy_failures": {
    "test:1234": 6,
    "u:p@1.1.1.1:80": 0,
    "u:p@1.1.1.1:8080": 2,
    "u:p@1.2.3.4:9090": 1
  },
  "dead_proxies": [
    "test:1234"
  ],
  "proxy_cooldowns": {
    "test:1234": 1769029686.6658468,
    "u:p@1.2.3.4:9090": 1769033079.3309
  }
}