{
  "version": 1,
  "timestamp": 1769875047.5093758,
  "proxy_latency": {},
  "proxy_failures": {
    "5beca80ec67a43f4b982f2d0b13fb374:@api.zyte.com:8011": 1
  },
  "dead_proxies": [],
  "proxy_cooldowns": {
    "5beca80ec67a43f4b982f2d0b13fb374:@api.zyte.com:8011": 1769875347.5087428
  },
  "proxy_reputation": {
    "5beca80ec67a43f4b982f2d0b13fb374:@api.zyte.com:8011": 0.0
  },
  "proxy_soft_signals": {
    "5beca80ec67a43f4b982f2d0b13fb374:@api.zyte.com:8011": {
      "network_error": 1
    }
  },
  "proxy_host_failures": {}
}