{
  "version": 1,
  "timestamp": 1769104995.6350017,
  "proxy_latency": {
    "u:p@1.1.1.1:80": [
      100.0,
      100.0,
      100.0,
      100.0,
      0.1068115234375
    ]
  },
  "proxy_failures": {
    "test:1234": 18,
    "u:p@1.1.1.1:80": 0,
    "u:p@1.1.1.1:8080": 6,
    "u:p@1.2.3.4:9090": 4,
    "user:pass@1.2.3.4:8080": 6
  },
  "dead_proxies": [
    "test:1234",
    "u:p@1.1.1.1:8080",
    "u:p@1.1.1.1:80",
    "user:pass@1.2.3.4:8080"
  ],
  "proxy_cooldowns": {
    "user:pass@1.2.3.4:8080": 1769105013.5251215,
    "test:1234": 1769105141.0965319,
    "u:p@1.1.1.1:8080": 1769105295.2423184,
    "u:p@1.2.3.4:9090": 1769108595.243511
  }
}