{"version": 1, "timestamp": 1770560528.025797, "proxy_latency": {"u:p@1.1.1.1:80": [100.0, 100.0, 100.0, 100.0, 0.15997886657714844]}, "proxy_failures": {"ub033d0d0583c05dd-zone-custom-session-c4guycs1:ub033d0d0583c05dd@43.135.141.142:2334": 2, "user:pass@1.2.3.4:8080": 14, "test:1234": 9, "u:p@1.1.1.1:80": 0, "u:p@1.1.1.1:8080": 6, "u:p@1.2.3.4:9090": 6}, "dead_proxies": ["test:1234", "user:pass@1.2.3.4:8080", "u:p@1.1.1.1:8080"], "proxy_cooldowns": {"user:pass@1.2.3.4:8080": 1770560828.0257425}, "proxy_reputation": {"ub033d0d0583c05dd-zone-custom:ub033d0d0583c05dd@43.135.141.142:2334": 100.0, "ub033d0d0583c05dd-zone-custom-session-j2faw6s9:ub033d0d0583c05dd@43.135.141.142:2334": 100.0, "ub033d0d0583c05dd-zone-custom-session-gejotxzv:ub033d0d0583c05dd@43.135.141.142:2334": 100.0, "ub033d0d0583c05dd-zone-custom-session-q6uphxvl:ub033d0d0583c05dd@43.135.141.142:2334": 100.0, "ub033d0d0583c05dd-zone-custom-session-j3ltt15a:ub033d0d0583c05dd@43.135.141.142:2334": 100.0, "ub033d0d0583c05dd-zone-custom-session-c4guycs1:ub033d0d0583c05dd@43.135.141.142:2334": 42.5, "ub033d0d0583c05dd-zone-custom-session-xdjtua8o:ub033d0d0583c05dd@43.135.141.142:2334": 100.0, "ub033d0d0583c05dd-zone-custom-session-l1bg9mca:ub033d0d0583c05dd@43.135.141.142:2334": 100.0, "ub033d0d0583c05dd-zone-custom-session-37jka145:ub033d0d0583c05dd@43.135.141.142:2334": 100.0, "ub033d0d0583c05dd-zone-custom-session-t59orz78:ub033d0d0583c05dd@43.135.141.142:2334": 100.0, "ub033d0d0583c05dd-zone-custom-session-me6pgo1q:ub033d0d0583c05dd@43.135.141.142:2334": 100.0, "ub033d0d0583c05dd-zone-custom-session-ou0jp6um:ub033d0d0583c05dd@43.135.141.142:2334": 100.0, "ub033d0d0583c05dd-zone-custom-session-zb3ismq2:ub033d0d0583c05dd@43.135.141.142:2334": 100.0, "ub033d0d0583c05dd-zone-custom-session-75qfj892:ub033d0d0583c05dd@43.135.141.142:2334": 100.0, "ub033d0d0583c05dd-zone-custom-session-f4qe4k0c:ub033d0d0583c05dd@43.135.141.142:2334": 100.0, "ub033d0d0583c05dd-zone-custom-session-f9mxztgo:ub033d0d0583c05dd@43.135.141.142:2334": 100.0, "ub033d0d0583c05dd-zone-custom-session-yok0hd7e:ub033d0d0583c05dd@43.135.141.142:2334": 100.0, "ub033d0d0583c05dd-zone-custom-session-cnutmutm:ub033d0d0583c05dd@43.135.141.142:2334": 100.0, "ub033d0d0583c05dd-zone-custom-session-k56ydv6m:ub033d0d0583c05dd@43.135.141.142:2334": 100.0, "ub033d0d0583c05dd-zone-custom-session-nqrrag88:ub033d0d0583c05dd@43.135.141.142:2334": 100.0, "ub033d0d0583c05dd-zone-custom-session-9xsqh0vo:ub033d0d0583c05dd@43.135.141.142:2334": 100.0, "ub033d0d0583c05dd-zone-custom-session-d6fy4pv7:ub033d0d0583c05dd@43.135.141.142:2334": 100.0, "ub033d0d0583c05dd-zone-custom-session-9o5a4oh2:ub033d0d0583c05dd@43.135.141.142:2334": 100.0, "ub033d0d0583c05dd-zone-custom-session-roo7ru89:ub033d0d0583c05dd@43.135.141.142:2334": 100.0, "ub033d0d0583c05dd-zone-custom-session-udkxb2hv:ub033d0d0583c05dd@43.135.141.142:2334": 100.0, "ub033d0d0583c05dd-zone-custom-session-v3x87sp0:ub033d0d0583c05dd@43.135.141.142:2334": 100.0, "ub033d0d0583c05dd-zone-custom-session-tk43yrgv:ub033d0d0583c05dd@43.135.141.142:2334": 100.0, "ub033d0d0583c05dd-zone-custom-session-jis2x7s7:ub033d0d0583c05dd@43.135.141.142:2334": 100.0, "ub033d0d0583c05dd-zone-custom-session-ojjohpaz:ub033d0d0583c05dd@43.135.141.142:2334": 100.0, "ub033d0d0583c05dd-zone-custom-session-kwq1gv5b:ub033d0d0583c05dd@43.135.141.142:2334": 100.0, "ub033d0d0583c05dd-zone-custom-session-ck1gh4r3:ub033d0d0583c05dd@43.135.141.142:2334": 100.0, "ub033d0d0583c05dd-zone-custom-session-k9qoqby2:ub033d0d0583c05dd@43.135.141.142:2334": 100.0, "ub033d0d0583c05dd-zone-custom-session-yb54arem:ub033d0d0583c05dd@43.135.141.142:2334": 100.0, "ub033d0d0583c05dd-zone-custom-session-6j3ulu3l:ub033d0d0583c05dd@43.135.141.142:2334": 100.0, "ub033d0d0583c05dd-zone-custom-session-w317021g:ub033d0d0583c05dd@43.135.141.142:2334": 100.0, "ub033d0d0583c05dd-zone-custom-session-rttzljd7:ub033d0d0583c05dd@43.135.141.142:2334": 100.0, "ub033d0d0583c05dd-zone-custom-session-q8luwdag:ub033d0d0583c05dd@43.135.141.142:2334": 100.0, "ub033d0d0583c05dd-zone-custom-session-4hq6i3li:ub033d0d0583c05dd@43.135.141.142:2334": 100.0, "ub033d0d0583c05dd-zone-custom-session-1ywr2s2z:ub033d0d0583c05dd@43.135.141.142:2334": 100.0, "ub033d0d0583c05dd-zone-custom-session-341scpry:ub033d0d0583c05dd@43.135.141.142:2334": 100.0, "ub033d0d0583c05dd-zone-custom-session-s495j99j:ub033d0d0583c05dd@43.135.141.142:2334": 100.0, "ub033d0d0583c05dd-zone-custom-session-32nijq25:ub033d0d0583c05dd@43.135.141.142:2334": 100.0, "ub033d0d0583c05dd-zone-custom-session-68l5yzky:ub033d0d0583c05dd@43.135.141.142:2334": 100.0, "ub033d0d0583c05dd-zone-custom-session-5ezxcbmc:ub033d0d0583c05dd@43.135.141.142:2334": 100.0, "ub033d0d0583c05dd-zone-custom-session-n8yc9cnd:ub033d0d0583c05dd@43.135.141.142:2334": 100.0, "ub033d0d0583c05dd-zone-custom-session-omx8cj95:ub033d0d0583c05dd@43.135.141.142:2334": 100.0, "ub033d0d0583c05dd-zone-custom-session-xbc16mh8:ub033d0d0583c05dd@43.135.141.142:2334": 100.0, "ub033d0d0583c05dd-zone-custom-session-c684mq9q:ub033d0d0583c05dd@43.135.141.142:2334": 100.0, "ub033d0d0583c05dd-zone-custom-session-i102qhrw:ub033d0d0583c05dd@43.135.141.142:2334": 100.0, "ub033d0d0583c05dd-zone-custom-session-4wokv3q7:ub033d0d0583c05dd@43.135.141.142:2334": 100.0, "ub033d0d0583c05dd-zone-custom-session-0nm0evya:ub033d0d0583c05dd@43.135.141.142:2334": 100.0, "ub033d0d0583c05dd-zone-custom-session-j3ylygb7:ub033d0d0583c05dd@43.135.141.142:2334": 100.0, "ub033d0d0583c05dd-zone-custom-session-d8ny4fn5:ub033d0d0583c05dd@43.135.141.142:2334": 100.0, "ub033d0d0583c05dd-zone-custom-session-me571bh3:ub033d0d0583c05dd@43.135.141.142:2334": 100.0, "ub033d0d0583c05dd-zone-custom-session-e2x8mxhs:ub033d0d0583c05dd@43.135.141.142:2334": 100.0, "ub033d0d0583c05dd-zone-custom-session-dyyyzs5e:ub033d0d0583c05dd@43.135.141.142:2334": 100.0, "ub033d0d0583c05dd-zone-custom-session-zvokxce7:ub033d0d0583c05dd@43.135.141.142:2334": 100.0, "ub033d0d0583c05dd-zone-custom-session-jd7s3qc3:ub033d0d0583c05dd@43.135.141.142:2334": 100.0, "ub033d0d0583c05dd-zone-custom-session-hpofwhhv:ub033d0d0583c05dd@43.135.141.142:2334": 100.0, "ub033d0d0583c05dd-zone-custom-session-7f8tiv89:ub033d0d0583c05dd@43.135.141.142:2334": 100.0, "ub033d0d0583c05dd-zone-custom-session-10r3dzxh:ub033d0d0583c05dd@43.135.141.142:2334": 100.0, "ub033d0d0583c05dd-zone-custom-session-c1yvyzfv:ub033d0d0583c05dd@43.135.141.142:2334": 100.0, "ub033d0d0583c05dd-zone-custom-session-2g1dzxdu:ub033d0d0583c05dd@43.135.141.142:2334": 100.0, "ub033d0d0583c05dd-zone-custom-session-ypldif2w:ub033d0d0583c05dd@43.135.141.142:2334": 100.0, "ub033d0d0583c05dd-zone-custom-session-vjy1b98j:ub033d0d0583c05dd@43.135.141.142:2334": 100.0, "ub033d0d0583c05dd-zone-custom-session-z85ovq7s:ub033d0d0583c05dd@43.135.141.142:2334": 100.0, "ub033d0d0583c05dd-zone-custom-session-1vgl9hub:ub033d0d0583c05dd@43.135.141.142:2334": 100.0, "ub033d0d0583c05dd-zone-custom-session-f024udsx:ub033d0d0583c05dd@43.135.141.142:2334": 100.0, "ub033d0d0583c05dd-zone-custom-session-gma4k6ix:ub033d0d0583c05dd@43.135.141.142:2334": 100.0, "ub033d0d0583c05dd-zone-custom-session-4o3janv6:ub033d0d0583c05dd@43.135.141.142:2334": 100.0, "ub033d0d0583c05dd-zone-custom-session-6qfctevd:ub033d0d0583c05dd@43.135.141.142:2334": 100.0, "ub033d0d0583c05dd-zone-custom-session-xw235jst:ub033d0d0583c05dd@43.135.141.142:2334": 100.0, "ub033d0d0583c05dd-zone-custom-session-nh8f6usi:ub033d0d0583c05dd@43.135.141.142:2334": 100.0, "ub033d0d0583c05dd-zone-custom-session-c5txn6m6:ub033d0d0583c05dd@43.135.141.142:2334": 100.0, "ub033d0d0583c05dd-zone-custom-session-2jiitti2:ub033d0d0583c05dd@43.135.141.142:2334": 100.0, "ub033d0d0583c05dd-zone-custom-session-xzzeo6ix:ub033d0d0583c05dd@43.135.141.142:2334": 100.0, "ub033d0d0583c05dd-zone-custom-session-e4hvgkmx:ub033d0d0583c05dd@43.135.141.142:2334": 100.0, "ub033d0d0583c05dd-zone-custom-session-8ur4qn88:ub033d0d0583c05dd@43.135.141.142:2334": 100.0, 